,northRadiation,eastRadiation,southRadiation,westRadiation
,39.91474717202191,66.97351593857303,91.3147596469358,67.02822177382266
